Word,Count,Ratio
app,137,8.36
flutter,50,3.05
development,45,2.75
mobile,44,2.69
android,24,1.47
ios,22,1.34
integration,20,1.22
developer,17,1.04
apps,17,1.04
services,16,0.98
google,16,0.98
firebase,15,0.92
✔️,14,0.85
experience,13,0.79
application,13,0.79
us,12,0.73
years,11,0.67
design,11,0.67
professional,10,0.61
applications,9,0.55
push,9,0.55
store,9,0.55
looking,8,0.49
free,8,0.49
notifications,8,0.49
idea,7,0.43
admin,7,0.43
inapp,7,0.43
delivery,7,0.43
business,7,0.43
working,7,0.43
need,7,0.43
developers,7,0.43
work,6,0.37
quality,6,0.37
please,6,0.37
get,6,0.37
service,6,0.37
apple,6,0.37
ui,6,0.37
team,6,0.37
backend,6,0.37
uiux,5,0.31
apis,5,0.31
using,5,0.31
support,5,0.31
maps,5,0.31
requirements,5,0.31
include,5,0.31
top,5,0.31
order,5,0.31
contact,5,0.31
figma,5,0.31
develop,5,0.31
provide,5,0.31
complete,5,0.31
social,5,0.31
dating,5,0.31
gig,5,0.31
right,5,0.31
user,5,0.31
analytics,5,0.31
im,4,0.24
building,4,0.24
native,4,0.24
clients,4,0.24
maintenance,4,0.24
expert,4,0.24
custom,4,0.24
fitness,4,0.24
food,4,0.24
payment,4,0.24
time,4,0.24
note,4,0.24
satisfaction,4,0.24
web,4,0.24
high,4,0.24
code,4,0.24
developed,4,0.24
ordering,4,0.24
expertise,4,0.24
message,4,0.24
similar,4,0.24
play,4,0.24
functional,4,0.24
chat,4,0.24
features,4,0.24
help,4,0.24
convert,3,0.18
panel,3,0.18
ads,3,0.18
submission,3,0.18
fixing,3,0.18
rest,3,0.18
fast,3,0.18
like,3,0.18
creating,3,0.18
purchases,3,0.18
etc,3,0.18
also,3,0.18
facebook,3,0.18
api,3,0.18
integrations,3,0.18
project,3,0.18
profile,3,0.18
customer,3,0.18
testing,3,0.18
xd,3,0.18
great,3,0.18
various,3,0.18
taxi,3,0.18
booking,3,0.18
ux,3,0.18
communication,3,0.18
kindly,3,0.18
avoid,3,0.18
companies,3,0.18
media,3,0.18
firestore,3,0.18
authentication,3,0.18
local,3,0.18
welcome,3,0.18
userfriendly,3,0.18
developing,3,0.18
responsive,3,0.18
vision,3,0.18
dont,3,0.18
different,3,0.18
solutions,3,0.18
well,3,0.18
designing,3,0.18
includes,3,0.18
topnotch,3,0.18
functionality,3,0.18
software,3,0.18
admob,3,0.18
want,2,0.12
designs,2,0.12
highquality,2,0.12
fully,2,0.12
businesses,2,0.12
existing,2,0.12
purchase,2,0.12
meetings,2,0.12
modern,2,0.12
strong,2,0.12
knowledge,2,0.12
bloc,2,0.12
mobx,2,0.12
provider,2,0.12
thirdparty,2,0.12
stripe,2,0.12
understand,2,0.12
needs,2,0.12
live,2,0.12
create,2,0.12
following,2,0.12
types,2,0.12
ecommerce,2,0.12
barcode,2,0.12
scanner,2,0.12
agency,2,0.12
map,2,0.12
expect,2,0.12
first,2,0.12
discuss,2,0.12
uk,2,0.12
startups,2,0.12
due,2,0.12
unlimited,2,0.12
revisions,2,0.12
additional,2,0.12
price,2,0.12
months,2,0.12
concept,2,0.12
release,2,0.12
users,2,0.12
process,2,0.12
hybrid,2,0.12
standards,2,0.12
build,2,0.12
source,2,0.12
stores,2,0.12
industries,2,0.12
iphone,2,0.12
health,2,0.12
cancellation,2,0.12
hello,2,0.12
brand,2,0.12
database,2,0.12
sqlite,2,0.12
ad,2,0.12
mob,2,0.12
storage,2,0.12
localization,2,0.12
much,2,0.12
questions,2,0.12
let,2,0.12
make,2,0.12
come,2,0.12
platforms,2,0.12
bug,2,0.12
choose,2,0.12
complex,2,0.12
interface,2,0.12
secure,2,0.12
created,2,0.12
age,2,0.12
creation,2,0.12
match,2,0.12
notification,2,0.12
geolocation,2,0.12
designed,2,0.12
uber,2,0.12
online,2,0.12
car,2,0.12
hard,2,0.12
crossplatform,2,0.12
attractive,2,0.12
consultation,2,0.12
cost,2,0.12
offline,2,0.12
review,2,0.12
look,2,0.12
currently,2,0.12
frontend,2,0.12
know,2,0.12
architecture,2,0.12
interested,2,0.12
running,2,0.12
react,2,0.12
widgets,2,0.12
animations,2,0.12
adobe,2,0.12
place,2,0.12
industry,2,0.12
tech,2,0.12
one,2,0.12
realtime,2,0.12
reality,2,0.12
ensure,2,0.12
party,2,0.12
cloud,2,0.12
africa,2,0.12
long,2,0.12
diligent,2,0.12
give,2,0.12
deserves,2,0.12
panels,2,0.12
access,2,0.12
optimized,2,0.12
figmaxd,1,0.06
thats,1,0.06
step,1,0.06
functionalcustomized,1,0.06
playstoreappstore,1,0.06
bugs,1,0.06
revenuecat,1,0.06
eager,1,0.06
young,1,0.06
actively,1,0.06
growing,1,0.06
career,1,0.06
delighting,1,0.06
impactful,1,0.06
weekly,1,0.06
biweekly,1,0.06
updates,1,0.06
super,1,0.06
month,1,0.06
lowcost,1,0.06
reactive,1,0.06
patterns,1,0.06
getx,1,0.06
standard,1,0.06
frameworks,1,0.06
camera,1,0.06
wide,1,0.06
number,1,0.06
sdks,1,0.06
paypal,1,0.06
focus,1,0.06
client’s,1,0.06
comprehend,1,0.06
genuine,1,0.06
quiz,1,0.06
travel,1,0.06
expense,1,0.06
tracker,1,0.06
grocery,1,0.06
mart,1,0.06
gateway,1,0.06
sms,1,0.06
alerts,1,0.06
deliverables,1,0.06
response,1,0.06
good,1,0.06
understanding,1,0.06
german,1,0.06
check,1,0.06
reviews,1,0.06
confidence,1,0.06
ranked,1,0.06
rated,1,0.06
seller,1,0.06
fiverr,1,0.06
deliver,1,0.06
fulltime,1,0.06
freelancer,1,0.06
dedicated,1,0.06
exceptional,1,0.06
without,1,0.06
postorder,1,0.06
verify,1,0.06
stability,1,0.06
zoom,1,0.06
guide,1,0.06
nontechnical,1,0.06
end,1,0.06
practical,1,0.06
collect,1,0.06
analyze,1,0.06
wireframing,1,0.06
flow,1,0.06
qa,1,0.06
limited,1,0.06
playstore,1,0.06
dashboard,1,0.06
technology,1,0.06
upload,1,0.06
approval,1,0.06
making,1,0.06
ondemand,1,0.06
finance,1,0.06
far,1,0.06
technical,1,0.06
skills,1,0.06
effective,1,0.06
firstly,1,0.06
congratulations,1,0.06
wecs,1,0.06
labs,1,0.06
experts,1,0.06
located,1,0.06
boston,1,0.06
among,1,0.06
united,1,0.06
states,1,0.06
client,1,0.06
firstever,1,0.06
platform,1,0.06
klasterme,1,0.06
still,1,0.06
built,1,0.06
appbusiness,1,0.06
theme,1,0.06
colors,1,0.06
fonts,1,0.06
reference,1,0.06
class,1,0.06
emailsocial,1,0.06
logins,1,0.06
mediaphotovideo,1,0.06
foreign,1,0.06
language,1,0.06
markets,1,0.06
nodejs,1,0.06
icon,1,0.06
preview,1,0.06
assets,1,0.06
everyone,1,0.06
stunning,1,0.06
skilled,1,0.06
talented,1,0.06
customized,1,0.06
fullyfunctional,1,0.06
meets,1,0.06
closely,1,0.06
test,1,0.06
launch,1,0.06
precision,1,0.06
professionalism,1,0.06
customization,1,0.06
publishing,1,0.06
ontime,1,0.06
competitive,1,0.06
pricing,1,0.06
excellent,1,0.06
field,1,0.06
specialize,1,0.06
majorly,1,0.06
datingchat,1,0.06
involves,1,0.06
implementing,1,0.06
ensuring,1,0.06
worry,1,0.06
got,1,0.06
covered,1,0.06
ive,1,0.06
variety,1,0.06
racial,1,0.06
groups,1,0.06
ranges,1,0.06
demographics,1,0.06
ranging,1,0.06
straightforward,1,0.06
matchmaking,1,0.06
sophisticated,1,0.06
ai,1,0.06
matching,1,0.06
algorithms,1,0.06
firsthand,1,0.06
widely,1,0.06
used,1,0.06
technologies,1,0.06
enables,1,0.06
scalable,1,0.06
reasonably,1,0.06
priced,1,0.06
strict,1,0.06
monitoring,1,0.06
verification,1,0.06
including,1,0.06
location,1,0.06
group,1,0.06
desired,1,0.06
preferences,1,0.06
text,1,0.06
settings,1,0.06
plugins,1,0.06
mandatory,1,0.06
friendly,1,0.06
bingo,1,0.06
visions,1,0.06
already,1,0.06
informational,1,0.06
blogging,1,0.06
news,1,0.06
tracking,1,0.06
eats,1,0.06
networking,1,0.06
linkedin,1,0.06
learning,1,0.06
connect,1,0.06
tutors,1,0.06
students,1,0.06
exam,1,0.06
preparations,1,0.06
providers,1,0.06
plumbers,1,0.06
finding,1,0.06
selling,1,0.06
products,1,0.06
cleaning,1,0.06
laundry,1,0.06
rental,1,0.06
coded,1,0.06
compare,1,0.06
ignore,1,0.06
even,1,0.06
harder,1,0.06
resist,1,0.06
informative,1,0.06
listed,1,0.06
unique,1,0.06
purchasing,1,0.06
greetings,1,0.06
alestra,1,0.06
onestopshop,1,0.06
digital,1,0.06
designers,1,0.06
stand,1,0.06
competition,1,0.06
graphic,1,0.06
results,1,0.06
highly,1,0.06
estimation,1,0.06
account,1,0.06
security,1,0.06
messaging,1,0.06
search,1,0.06
advanced,1,0.06
locationbased,1,0.06
qr,1,0.06
feedback,1,0.06
collection,1,0.06
forward,1,0.06
hesitate,1,0.06
reach,1,0.06
faq,1,0.06
section,1,0.06
clarification,1,0.06
specializing,1,0.06
side,1,0.06
head,1,0.06
reviewing,1,0.06
mentoring,1,0.06
integrating,1,0.06
best,1,0.06
practices,1,0.06
part,1,0.06
everyday,1,0.06
job,1,0.06
mainly,1,0.06
maintaining,1,0.06
production,1,0.06
defining,1,0.06
sides,1,0.06
mentorcode,1,0.06
reviewer,1,0.06
areas,1,0.06
dart,1,0.06
mysql,1,0.06
kotlin,1,0.06
java,1,0.06
state,1,0.06
management,1,0.06
email,1,0.06
twitter,1,0.06
github,1,0.06
phone,1,0.06
authentications,1,0.06
crashlytics,1,0.06
sketch,1,0.06
resource,1,0.06
extraction,1,0.06
bdd,1,0.06
tdd,1,0.06
lets,1,0.06
preferred,1,0.06
rate,1,0.06
surely,1,0.06
victoriousstudio,1,0.06
company,1,0.06
along,1,0.06
providing,1,0.06
future,1,0.06
available,1,0.06
perfect,1,0.06
solution,1,0.06
people,1,0.06
topquality,1,0.06
reasonable,1,0.06
prices,1,0.06
full,1,0.06
refund,1,0.06
unsatisfied,1,0.06
newexisting,1,0.06
server,1,0.06
subscriptionspayments,1,0.06
chats,1,0.06
option,1,0.06
whats,1,0.06
holding,1,0.06
back,1,0.06
share,1,0.06
would,1,0.06
request,1,0.06
discussing,1,0.06
cancellations,1,0.06
later,1,0.06
hunt,1,0.06
mastered,1,0.06
skill,1,0.06
offer,1,0.06
respectively,1,0.06
clean,1,0.06
deep,1,0.06
links,1,0.06
third,1,0.06
jwt,1,0.06
function,1,0.06
crash,1,0.06
rules,1,0.06
sop,1,0.06
basic,1,0.06
things,1,0.06
splash,1,0.06
screen,1,0.06
signup,1,0.06
newsletter,1,0.06
chatting,1,0.06
muhammad,1,0.06
haseeb,1,0.06
canada,1,0.06
europe,1,0.06
australia,1,0.06
south,1,0.06
offered,1,0.06
mockupui,1,0.06
fix,1,0.06
planned,1,0.06
ordered,1,0.06
approach,1,0.06
reskin,1,0.06
rd,1,0.06
sdk,1,0.06
passionate,1,0.06
satisfied,1,0.06
exactly,1,0.06
performance,1,0.06
specialized,1,0.06
dbs,1,0.06
tailored,1,0.06
meet,1,0.06
specific,1,0.06
integrationweb,1,0.06
views,1,0.06
implementation,1,0.06
seamless,1,0.06
capabilities,1,0.06
around,1,0.06
world,1,0.06
equal,1,0.06
debug,1,0.06
launching,1,0.06
operation,1,0.06
day,1,0.06
experienced,1,0.06
bring,1,0.06
ideas,1,0.06
decided,1,0.06
color,1,0.06
themes,1,0.06
samples,1,0.06
together,1,0.06
happen,1,0.06
quickly,1,0.06
transitioning,1,0.06
carefully,1,0.06
applied,1,0.06
steps,1,0.06
straight,1,0.06
onto,1,0.06
trust,1,0.06
enough,1,0.06
difference,1,0.06
makeshift,1,0.06
professionally,1,0.06
mean,1,0.06
fluff,1,0.06
website,1,0.06
flutterflow,1,0.06
